﻿<?xml version="1.0" encoding="UTF-8"?>
<!DOCTYPE pagina SYSTEM "assassins.dtd">

<pagina >
  <menu>
    <enlace>123</enlace>
    <enlace>123</enlace>
    <enlace>123</enlace>
  </menu>
  <intro>Los primeros filósofos</intro>
  <cuerpo>
  <personaje>
    <nombre>Altair</nombre>
    <fecha>624</fecha>
    <orden>Assassins</orden>
    <historia>
     <resumen>Era el primero</resumen> 
     <juegos>assassins creed 1</juegos>
    </historia>
  </personaje>
  <personaje>
    <nombre>Ezio</nombre>
    <fecha>456</fecha>
    <orden>Assassins</orden>
    <historia>
     <resumen>Era el segundo</resumen> 
     <juegos>assassins creed 2,3 y redemptiom</juegos>
    </historia>
  </personaje>
  <personaje>
    <nombre>Connor</nombre>
    <fecha>123</fecha>
    <orden>Assassins</orden>
    <historia>
     <resumen>Era el primero deverdad?</resumen> 
     <juegos>assassins creed 3</juegos>
    </historia>
  </personaje>
  </cuerpo>
  <pie>qweqw</pie>
</pagina>